,RURAL,URBANO,total
bilingue,29.415752180697314,13.355449265997935,16.091713571595115
computador,3.6003888164121456,3.6007995356179463,3.600729559583968
estrato,3.3983066022049986,2.942574746336556,3.0202197830933066
trabajo_horas,2.729388893152227,3.0710152578922623,3.012810874534492
cuartos_hogar,2.569513723684547,2.8514318884432432,2.8034002532103455
personas_hogar,2.426265571841506,2.722991376887537,2.6724368989795315
inse,2.1116312383291125,2.5196928984742106,2.4501696422150894
libros,2.253600388816412,2.4469362078792605,2.4139967357220526
internet,2.202440334586755,2.379958027006653,2.3497135585205715
educ_madre,2.1627912925587705,2.3838979199991597,2.346227013316424
caracter,1.3570204384416646,2.440895038624084,2.2562305652343504
educ_padre,2.0029161230910906,2.2998468694923577,2.249257474826054
etnia,0.5000895300949019,0.5324108730540211,0.5269041439768842
edad,0.06139206507558898,0.048592013574244655,0.050772814535406954
