departamento,RURAL,URBANO
Amazonas,53.5,24.3
Antioquia,32.7,10.2
Arauca,31.1,23.4
Atlántico,33.9,13.1
Bogotá D.C.,15.4,7.5
Bolívar,47.1,21.5
Boyacá,22.4,4.3
Caldas,32.8,8.7
Caquetá,40.5,18.4
Casanare,32.8,14.3
Cauca,37.4,12.3
Cesar,46.8,20.7
Chocó,61.5,33.5
Cundinamarca,17.1,9.4
Córdoba,42.6,21.8
Guainía,84.5,43.1
Guaviare,43.8,27.5
Huila,39.0,13.1
La Guajira,72.7,30.1
Magdalena,47.0,27.3
Meta,28.2,9.7
Nariño,36.8,15.0
Norte de Santander,46.2,20.8
Putumayo,33.2,22.6
Quindío,21.0,11.8
Risaralda,29.5,8.9
San Andrés,11.9,11.9
Santander,26.6,8.2
Sucre,52.2,29.5
Tolima,34.0,12.1
Valle del Cauca,24.1,8.9
Vaupés,81.3,26.8
Vichada,85.1,46.6
