departamento,media_rural,media_urbano,n_rural,n_urbano,brecha
Guainía,189.53465346534654,245.89349112426035,101,169,56.358837658913814
San Andrés,212.5822222222222,254.60766961651916,225,339,42.02544739429695
Amazonas,195.27272727272728,235.18509615384616,154,416,39.91236888111888
La Guajira,199.43473684210525,238.62544567461063,1900,5329,39.19070883250538
Norte de Santander,226.99684144030323,264.13021534320325,1583,11888,37.13337390290002
Putumayo,218.64663212435232,253.84838558727188,965,2137,35.201753462919555
Vaupés,189.4712643678161,222.74603174603175,87,189,33.27476737821564
Atlántico,215.10151380231522,247.53605787731857,1123,25986,32.434544075003345
Sucre,213.6947565543071,245.8969100734377,2670,7217,32.202153519130604
Caldas,229.70658372213583,261.3109147905386,1929,7018,31.604331068402786
Caquetá,218.69259962049335,249.48054474708172,527,2570,30.78794512658837
Bolívar,207.79591836734693,238.37773491319922,4508,18145,30.58181654585229
Tolima,224.00204848071013,253.6235481453728,2929,10676,29.62149966466268
Santander,244.819413803971,274.27567778210766,3173,17963,29.45626397813666
Chocó,187.17407407407407,216.31453911941716,1080,3157,29.140465045343092
Vichada,208.07303370786516,236.50709219858157,178,282,28.43405849071641
Córdoba,219.78664168116717,248.17320727791653,7471,11212,28.386565596749364
Cauca,215.98094497375072,243.8254927348583,5143,6951,27.844547761107577
Cesar,221.34241598546777,248.29511120436425,2202,9532,26.95269521889648
Antioquia,229.12834630719576,255.93930546064485,10534,48291,26.81095915344909
Magdalena,210.42776735459663,234.7888826501965,3731,10686,24.361115295599888
Huila,240.71718494271687,264.65192915007555,3055,7283,23.934744207358676
Boyacá,242.99208663057058,266.70588235294116,2401,12189,23.713795722370577
Nariño,233.79717223650385,257.0110417666827,3890,10415,23.21386953017884
Arauca,234.12962962962962,254.24728726442032,594,1751,20.117657634790703
Valle del Cauca,232.7291090793111,250.89644507643087,4703,28130,18.16733599711978
Guaviare,223.70149253731344,240.901185770751,134,506,17.199693233437557
Risaralda,244.5025017869907,259.520563540629,1399,7027,15.018061753638278
Casanare,244.2258064516129,259.1992677824268,651,3824,14.973461330813876
Meta,248.37242669993762,257.1474358974359,1603,8736,8.775009197498292
Bogotá D.C.,261.1584699453552,269.8690188700438,549,71224,8.710548924688624
Cundinamarca,265.28328173374615,261.67163939040574,6460,24869,-3.6116423433404066
Quindío,264.03932584269666,258.4982661465106,534,4614,-5.541059696186039
