indicador,urbano,rural,diferencia_pp
Madre con primaria o menos,19.760927293214717,44.909574604149086,-25.14864731093437
Estrato 1 o sin estrato,28.952697644731966,52.471030619292456,-23.51833297456049
Estudiante trabaja,33.311795251640966,52.60276775893382,-19.290972507292857
Colegio oficial,75.40246006918451,94.13705778528126,-18.734597716096744
Pertenece a grupo étnico,4.440259402554626,17.377791420458905,-12.937532017904278
Extraedad (19+ años),7.546996356912279,12.759317524876575,-5.212321167964296
Jornada única o completa,45.422500991539735,46.94574476248945,-1.523243770949712
Más de 25 libros en casa,28.85997882964165,19.457447624894485,9.402531204747167
Computador en el hogar,65.15295977894574,34.16212621185378,30.99083356709196
Internet y computador,60.14220387107619,24.247307702146166,35.894896168930025
Internet en el hogar,75.70635714867318,37.30719054562198,38.3991666030512
