,puntaje,rural,oficial,nse_colegio,inse,educ_max_padres,internet,computador,indice_bienes,edad,trabaja,ipm_zona
puntaje,1.0,-0.22584682284052593,-0.27654080551532634,0.43120672949383115,0.42936301086551204,0.35442236002517646,0.30309430622152583,0.301690029005004,0.20416830496064253,-0.24956544481683487,-0.19436239713784348,-0.2920770018022287
rural,-0.22584682284052593,1.0,0.1717227253712057,-0.39141591311610047,-0.3261631387666183,-0.23823335917250868,-0.3126053735417341,-0.23770727999541655,-0.1538817123492291,0.056794100218566776,0.15056221213326818,0.6063880474818812
oficial,-0.27654080551532634,0.1717227253712057,1.0,-0.5302682799271832,-0.4506881569024306,-0.3458262785287028,-0.2538886624080388,-0.26722685790568773,-0.3114513612315808,0.08121535785273522,0.1264956649449188,0.23730730043172207
nse_colegio,0.43120672949383115,-0.39141591311610047,-0.5302682799271832,1.0,0.6182478728514572,0.43562219525820445,0.4474372881527358,0.42866495458527965,0.3910204855627742,-0.1011508854018684,-0.20094653728122816,-0.4949779194274748
inse,0.42936301086551204,-0.3261631387666183,-0.4506881569024306,0.6182478728514572,1.0,0.7090857459787352,0.6759068391110512,0.6825580008896347,0.7128820614887927,-0.19102508437854515,-0.256568950895123,-0.3811616523686549
educ_max_padres,0.35442236002517646,-0.23823335917250868,-0.3458262785287028,0.43562219525820445,0.7090857459787352,1.0,0.3563862329985206,0.36310305112149766,0.3633613852386189,-0.19304928435460397,-0.17578022277905322,-0.18283776206624802
internet,0.30309430622152583,-0.3126053735417341,-0.2538886624080388,0.4474372881527358,0.6759068391110512,0.3563862329985206,1.0,0.5573410328985976,0.42605304798890137,-0.1083034811624204,-0.13890193368976658,-0.36098063185737045
computador,0.301690029005004,-0.23770727999541655,-0.26722685790568773,0.42866495458527965,0.6825580008896347,0.36310305112149766,0.5573410328985976,1.0,0.4352361521220295,-0.12341680916685206,-0.1209139048809247,-0.32433413087314533
indice_bienes,0.20416830496064253,-0.1538817123492291,-0.3114513612315808,0.3910204855627742,0.7128820614887927,0.3633613852386189,0.42605304798890137,0.4352361521220295,1.0,-0.11512410175454547,-0.08817113932927448,-0.21891548369088026
edad,-0.24956544481683487,0.056794100218566776,0.08121535785273522,-0.1011508854018684,-0.19102508437854515,-0.19304928435460397,-0.1083034811624204,-0.12341680916685206,-0.11512410175454547,1.0,0.15331680144617835,0.009929071433894768
trabaja,-0.19436239713784348,0.15056221213326818,0.1264956649449188,-0.20094653728122816,-0.256568950895123,-0.17578022277905322,-0.13890193368976658,-0.1209139048809247,-0.08817113932927448,0.15331680144617835,1.0,0.10894656508024125
ipm_zona,-0.2920770018022287,0.6063880474818812,0.23730730043172207,-0.4949779194274748,-0.3811616523686549,-0.18283776206624802,-0.36098063185737045,-0.32433413087314533,-0.21891548369088026,0.009929071433894768,0.10894656508024125,1.0
