decil_inse,RURAL,URBANO,brecha
1,216.7621501183679,229.62412813226555,12.861978013897641
2,220.60396424407307,233.75097183386757,13.147007589794498
3,223.71632785667873,238.42076309828494,14.704435241606205
4,228.02145977897712,243.52960739779365,15.508147618816537
5,230.1650799353332,248.96232142857144,18.797241493238232
6,235.25929479491484,253.21004015075005,17.95074535583521
7,241.53322932917317,258.9251702317076,17.391940902534458
8,250.58823529411765,265.461160671918,14.872925377800328
9,265.76655490360434,275.2322557810288,9.465700877424467
10,299.70923379174855,297.2632272912521,-2.4460065004964235
