departamento,zona,ipm,puntaje,estudiantes
Amazonas,RURAL,53.5,195.27272727272728,154
Amazonas,URBANO,24.3,235.18509615384616,416
Antioquia,RURAL,32.7,229.12834630719576,10534
Antioquia,URBANO,10.2,255.93930546064485,48291
Arauca,RURAL,31.1,234.12962962962962,594
Arauca,URBANO,23.4,254.24728726442032,1751
Atlántico,RURAL,33.9,215.10151380231522,1123
Atlántico,URBANO,13.1,247.53605787731857,25986
Bogotá D.C.,RURAL,15.4,261.1584699453552,549
Bogotá D.C.,URBANO,7.5,269.8690188700438,71224
Bolívar,RURAL,47.1,207.79591836734693,4508
Bolívar,URBANO,21.5,238.37773491319922,18145
Boyacá,RURAL,22.4,242.99208663057058,2401
Boyacá,URBANO,4.3,266.70588235294116,12189
Caldas,RURAL,32.8,229.70658372213583,1929
Caldas,URBANO,8.7,261.3109147905386,7018
Caquetá,RURAL,40.5,218.69259962049335,527
Caquetá,URBANO,18.4,249.48054474708172,2570
Casanare,RURAL,32.8,244.2258064516129,651
Casanare,URBANO,14.3,259.1992677824268,3824
Cauca,RURAL,37.4,215.98094497375072,5143
Cauca,URBANO,12.3,243.8254927348583,6951
Cesar,RURAL,46.8,221.34241598546777,2202
Cesar,URBANO,20.7,248.29511120436425,9532
Chocó,RURAL,61.5,187.17407407407407,1080
Chocó,URBANO,33.5,216.31453911941716,3157
Cundinamarca,RURAL,17.1,265.28328173374615,6460
Cundinamarca,URBANO,9.4,261.67163939040574,24869
Córdoba,RURAL,42.6,219.78664168116717,7471
Córdoba,URBANO,21.8,248.17320727791653,11212
Guainía,RURAL,84.5,189.53465346534654,101
Guainía,URBANO,43.1,245.89349112426035,169
Guaviare,RURAL,43.8,223.70149253731344,134
Guaviare,URBANO,27.5,240.901185770751,506
Huila,RURAL,39.0,240.71718494271687,3055
Huila,URBANO,13.1,264.65192915007555,7283
La Guajira,RURAL,72.7,199.43473684210525,1900
La Guajira,URBANO,30.1,238.62544567461063,5329
Magdalena,RURAL,47.0,210.42776735459663,3731
Magdalena,URBANO,27.3,234.7888826501965,10686
Meta,RURAL,28.2,248.37242669993762,1603
Meta,URBANO,9.7,257.1474358974359,8736
Nariño,RURAL,36.8,233.79717223650385,3890
Nariño,URBANO,15.0,257.0110417666827,10415
Norte de Santander,RURAL,46.2,226.99684144030323,1583
Norte de Santander,URBANO,20.8,264.13021534320325,11888
Putumayo,RURAL,33.2,218.64663212435232,965
Putumayo,URBANO,22.6,253.84838558727188,2137
Quindío,RURAL,21.0,264.03932584269666,534
Quindío,URBANO,11.8,258.4982661465106,4614
Risaralda,RURAL,29.5,244.5025017869907,1399
Risaralda,URBANO,8.9,259.520563540629,7027
San Andrés,RURAL,11.9,212.5822222222222,225
San Andrés,URBANO,11.9,254.60766961651916,339
Santander,RURAL,26.6,244.819413803971,3173
Santander,URBANO,8.2,274.27567778210766,17963
Sucre,RURAL,52.2,213.6947565543071,2670
Sucre,URBANO,29.5,245.8969100734377,7217
Tolima,RURAL,34.0,224.00204848071013,2929
Tolima,URBANO,12.1,253.6235481453728,10676
Valle del Cauca,RURAL,24.1,232.7291090793111,4703
Valle del Cauca,URBANO,8.9,250.89644507643087,28130
Vaupés,RURAL,81.3,189.4712643678161,87
Vaupés,URBANO,26.8,222.74603174603175,189
Vichada,RURAL,85.1,208.07303370786516,178
Vichada,URBANO,46.6,236.50709219858157,282
